<?xml version="1.0" encoding="UTF-8"?>
<project name="Ant-Build-Project-Test" default="mainTarget" basedir=".">

	<property name="src.dir" location="src" />
	<property name="build.dir" location="target" />
	<property name="docs.dir" location="docs" />
	<property name="lib.dir" location="testlib" />

	<path id="build.classpath">
		<fileset dir="${lib.dir}">
			<include name="**/*.jar" />
		</fileset>
	</path>

	<target name="clean">
		<delete dir="${build.dir}" />
		<delete dir="${docs.dir}" />
	</target>

	<target name="makedir">
		<mkdir dir="${build.dir}" />
	</target>

	<target name="compile" depends="clean, makedir">
		<javac srcdir="${src.dir}" destdir="${build.dir}" includeantruntime="on">
			<classpath refid="build.classpath" />
		</javac>
	</target>

	<target name="docs" depends="compile">
		<javadoc packagenames="src" sourcepath="${src.dir}" destdir="${docs.dir}">
			<!-- Task for including files-->
			<fileset dir="${src.dir}">
				<include name="**" />
			</fileset>
		</javadoc>
	</target>

	<target name="mainTarget" depends="compile, docs">
		<description>Main target</description>
	</target>

</project>