<?xml version="1.0" encoding="UTF-8"?>
<project name="Ant-Classpath-Test" default="mainTarget" basedir=".">

	<property name="src.dir" location="src" />
	<property name="build.dir" location="bin" />
	<property name="lib.dir" location="testlib" />

	<path id="build.classpath">
		<fileset dir="${lib.dir}">
			<include name="**/*.jar" />
		</fileset>
	</path>

	<target name="clean">
		<delete dir="${build.dir}" />
	</target>

	<!-- Target for creating the new directories-->
	<target name="makedir">
		<mkdir dir="${build.dir}" />
	</target>

	<!-- Target for compiling the java code-->
	<target name="compile" depends="clean, makedir">
		<echo message="starting compile"/>
		<javac srcdir="${src.dir}" destdir="${build.dir}" includeantruntime="on" classpathref="build.classpath">
		</javac>
	</target>


	<!-- Defualt target to run all targets-->
	<target name="mainTarget" depends="compile">
		<description>Main target</description>
	</target>

</project>